num;t;r;R;L
0;0.09130041;1.071810493;10;-4.92
1;0.091300306;1.071810228;10.00000051;-4.92001562
2;0.091300202;1.071809963;10.00000102;-4.920031239
3;0.091300097;1.071809698;10.00000153;-4.920046859
4;0.091299993;1.071809433;10.00000204;-4.920062479
5;0.091299889;1.071809168;10.00000255;-4.920078098
6;0.091299784;1.071808903;10.00000305;-4.920093717
7;0.09129968;1.071808638;10.00000356;-4.920109337
8;0.091299576;1.071808373;10.00000407;-4.920124956
9;0.091299471;1.071808108;10.00000458;-4.920140575
10;0.091299367;1.071807843;10.00000509;-4.920156194
11;0.091299263;1.071807578;10.0000056;-4.920171813
12;0.091299158;1.071807313;10.00000611;-4.920187432
13;0.091299054;1.071807048;10.00000662;-4.920203051
14;0.09129895;1.071806783;10.00000713;-4.92021867
15;0.091298846;1.071806519;10.00000764;-4.920234289
16;0.091298741;1.071806254;10.00000815;-4.920249908
17;0.091298637;1.071805989;10.00000865;-4.920265526
18;0.091298533;1.071805724;10.00000916;-4.920281145
19;0.091298428;1.071805459;10.00000967;-4.920296764
20;0.091298324;1.071805194;10.00001018;-4.920312382
21;0.09129822;1.071804929;10.00001069;-4.920328
22;0.091298115;1.071804664;10.0000112;-4.920343619
23;0.091298011;1.071804399;10.00001171;-4.920359237
24;0.091297907;1.071804134;10.00001222;-4.920374855
25;0.091297803;1.071803869;10.00001273;-4.920390474
26;0.091297698;1.071803605;10.00001324;-4.920406092
27;0.091297594;1.07180334;10.00001375;-4.92042171
28;0.09129749;1.071803075;10.00001425;-4.920437328
29;0.091297385;1.07180281;10.00001476;-4.920452945
30;0.091297281;1.071802545;10.00001527;-4.920468563
31;0.091297177;1.07180228;10.00001578;-4.920484181
32;0.091297072;1.071802015;10.00001629;-4.920499799
33;0.091296968;1.07180175;10.0000168;-4.920515416
34;0.091296864;1.071801485;10.00001731;-4.920531034
35;0.09129676;1.071801221;10.00001782;-4.920546651
36;0.091296655;1.071800956;10.00001833;-4.920562269
37;0.091296551;1.071800691;10.00001884;-4.920577886
38;0.091296447;1.071800426;10.00001934;-4.920593504
39;0.091296342;1.071800161;10.00001985;-4.920609121
40;0.091296238;1.071799896;10.00002036;-4.920624738
41;0.091296134;1.071799631;10.00002087;-4.920640355
42;0.09129603;1.071799367;10.00002138;-4.920655972
43;0.091295925;1.071799102;10.00002189;-4.920671589
44;0.091295821;1.071798837;10.0000224;-4.920687206
45;0.091295717;1.071798572;10.00002291;-4.920702823
46;0.091295612;1.071798307;10.00002342;-4.92071844
47;0.091295508;1.071798042;10.00002393;-4.920734056
48;0.091295404;1.071797777;10.00002443;-4.920749673
49;0.0912953;1.071797513;10.00002494;-4.92076529
50;0.091295195;1.071797248;10.00002545;-4.920780906
51;0.091295091;1.071796983;10.00002596;-4.920796523
52;0.091294987;1.071796718;10.00002647;-4.920812139
53;0.091294882;1.071796453;10.00002698;-4.920827755
54;0.091294778;1.071796188;10.00002749;-4.920843372
55;0.091294674;1.071795924;10.000028;-4.920858988
56;0.09129457;1.071795659;10.00002851;-4.920874604
57;0.091294465;1.071795394;10.00002901;-4.92089022
58;0.091294361;1.071795129;10.00002952;-4.920905836
59;0.091294257;1.071794864;10.00003003;-4.920921452
60;0.091294152;1.071794599;10.00003054;-4.920937068
61;0.091294048;1.071794335;10.00003105;-4.920952684
62;0.091293944;1.07179407;10.00003156;-4.920968299
63;0.09129384;1.071793805;10.00003207;-4.920983915
64;0.091293735;1.07179354;10.00003258;-4.920999531
65;0.091293631;1.071793275;10.00003309;-4.921015146
66;0.091293527;1.071793011;10.0000336;-4.921030762
67;0.091293423;1.071792746;10.0000341;-4.921046377
68;0.091293318;1.071792481;10.00003461;-4.921061992
69;0.091293214;1.071792216;10.00003512;-4.921077608
70;0.09129311;1.071791951;10.00003563;-4.921093223
71;0.091293005;1.071791686;10.00003614;-4.921108838
72;0.091292901;1.071791422;10.00003665;-4.921124453
73;0.091292797;1.071791157;10.00003716;-4.921140068
74;0.091292693;1.071790892;10.00003767;-4.921155683
75;0.091292588;1.071790627;10.00003817;-4.921171298
76;0.091292484;1.071790363;10.00003868;-4.921186913
77;0.09129238;1.071790098;10.00003919;-4.921202527
78;0.091292276;1.071789833;10.0000397;-4.921218142
79;0.091292171;1.071789568;10.00004021;-4.921233757
80;0.091292067;1.071789303;10.00004072;-4.921249371
81;0.091291963;1.071789039;10.00004123;-4.921264986
82;0.091291858;1.071788774;10.00004174;-4.9212806
83;0.091291754;1.071788509;10.00004225;-4.921296215
84;0.09129165;1.071788244;10.00004275;-4.921311829
85;0.091291546;1.07178798;10.00004326;-4.921327443
86;0.091291441;1.071787715;10.00004377;-4.921343057
87;0.091291337;1.07178745;10.00004428;-4.921358671
88;0.091291233;1.071787185;10.00004479;-4.921374285
89;0.091291129;1.07178692;10.0000453;-4.921389899
90;0.091291024;1.071786656;10.00004581;-4.921405513
91;0.09129092;1.071786391;10.00004632;-4.921421127
92;0.091290816;1.071786126;10.00004683;-4.921436741
93;0.091290712;1.071785861;10.00004733;-4.921452355
94;0.091290607;1.071785597;10.00004784;-4.921467968
95;0.091290503;1.071785332;10.00004835;-4.921483582
96;0.091290399;1.071785067;10.00004886;-4.921499195
97;0.091290294;1.071784802;10.00004937;-4.921514809
98;0.09129019;1.071784538;10.00004988;-4.921530422
99;0.091290086;1.071784273;10.00005039;-4.921546036
100;0.09127966;1.071757799;10.00010126;-4.923107803
101;0.091269239;1.071731346;10.0001521;-4.924668918
102;0.091258824;1.071704915;10.00020291;-4.926229381
103;0.091248414;1.071678504;10.00025368;-4.927789195
104;0.091238009;1.071652115;10.00030441;-4.929348361
105;0.091227609;1.071625747;10.0003551;-4.93090688
106;0.091217215;1.0715994;10.00040576;-4.932464754
107;0.091206826;1.071573074;10.00045638;-4.934021985
108;0.091196441;1.071546769;10.00050697;-4.935578575
109;0.091186063;1.071520484;10.00055751;-4.937134524
110;0.091175689;1.071494221;10.00060803;-4.938689835
111;0.09116532;1.071467979;10.0006585;-4.940244509
112;0.091154957;1.071441757;10.00070894;-4.941798548
113;0.091144599;1.071415557;10.00075935;-4.943351953
114;0.091134246;1.071389377;10.00080971;-4.944904726
115;0.091123898;1.071363218;10.00086005;-4.946456869
116;0.091113555;1.071337079;10.00091034;-4.948008382
117;0.091103217;1.071310962;10.0009606;-4.949559268
118;0.091092885;1.071284865;10.00101083;-4.951109528
119;0.091082557;1.071258789;10.00106101;-4.952659163
120;0.091072235;1.071232733;10.00111117;-4.954208176
121;0.091061918;1.071206698;10.00116128;-4.955756568
122;0.091061798;1.071206395;10.00116187;-4.955774619
123;0.091051583;1.071180627;10.00121146;-4.955781106
124;0.091041248;1.071154555;10.00126163;-4.955787673
125;0.091030913;1.071128482;10.00131181;-4.955794242
126;0.091020578;1.071102409;10.00136199;-4.955800814
127;0.091010242;1.071076335;10.00141217;-4.955807389
128;0.090999907;1.07105026;10.00146236;-4.955813967
129;0.090989571;1.071024184;10.00151254;-4.955820547
130;0.090979235;1.070998107;10.00156273;-4.955827131
131;0.09097585;1.070989567;10.00157916;-4.955829287
132;0.090968899;1.070972032;10.00161292;-4.955833703
133;0.090958563;1.070945956;10.00166311;-4.955840271
134;0.090948228;1.07091988;10.00171331;-4.955846842
135;0.090937892;1.070893803;10.0017635;-4.955853415
136;0.090927555;1.070867725;10.0018137;-4.955859992
137;0.090917219;1.070841647;10.0018639;-4.955866571
138;0.090906883;1.070815568;10.0019141;-4.955873153
139;0.090896546;1.070789488;10.00196431;-4.955879738
140;0.090889911;1.070772749;10.00199653;-4.955883966
141;0.090886209;1.070763408;10.00201451;-4.955886319
142;0.090875873;1.070737329;10.00206472;-4.955892891
143;0.090865537;1.07071125;10.00211493;-4.955899466
144;0.0908552;1.070685169;10.00216515;-4.955906043
145;0.090844863;1.070659088;10.00221536;-4.955912624
146;0.090834526;1.070633006;10.00226558;-4.955919207
147;0.090824189;1.070606924;10.0023158;-4.955925793
148;0.090813852;1.070580841;10.00236602;-4.955932382
149;0.090803979;1.070555929;10.00241398;-4.955938677
150;0.090803514;1.070554757;10.00241624;-4.955938972
151;0.090793177;1.070528674;10.00246646;-4.955945548
152;0.09078284;1.070502591;10.00251669;-4.955952127
153;0.090772503;1.070476508;10.00256692;-4.955958709
154;0.090762165;1.070450423;10.00261715;-4.955965293
155;0.090751828;1.070424338;10.00266739;-4.95597188
156;0.09074149;1.070398252;10.00271762;-4.95597847
157;0.090731152;1.070372165;10.00276786;-4.955985063
158;0.090720814;1.070346078;10.0028181;-4.955991658
159;0.090718052;1.070339108;10.00283152;-4.955993421
160;0.090710476;1.070319991;10.00286834;-4.955998243
161;0.090700138;1.070293905;10.00291859;-4.956004826
162;0.0906898;1.070267818;10.00296883;-4.956011411
163;0.090679462;1.07024173;10.00301908;-4.956017999
164;0.090669124;1.070215641;10.00306933;-4.95602459
165;0.090658786;1.070189552;10.00311958;-4.956031184
166;0.090648447;1.070163462;10.00316984;-4.956037781
167;0.090638108;1.070137371;10.00322009;-4.95604438
168;0.090632131;1.070122286;10.00324915;-4.956048197
169;0.090627769;1.07011128;10.00327035;-4.956050974
170;0.090617431;1.070085191;10.00332061;-4.956057561
171;0.090607093;1.0700591;10.00337088;-4.956064151
172;0.090596754;1.070033009;10.00342114;-4.956070743
173;0.090586415;1.070006917;10.00347141;-4.956077338
174;0.090576076;1.069980824;10.00352168;-4.956083936
175;0.090565737;1.069954731;10.00357195;-4.956090536
176;0.090555397;1.069928636;10.00362222;-4.956097139
177;0.090546215;1.069905463;10.00366686;-4.956103006
178;0.090545058;1.069902542;10.00367249;-4.956103743
179;0.090534719;1.069876448;10.00372277;-4.956110334
180;0.090524379;1.069850354;10.00377305;-4.956116927
181;0.09051404;1.06982426;10.00382333;-4.956123524
182;0.090503701;1.069798164;10.00387362;-4.956130122
183;0.090493361;1.069772068;10.0039239;-4.956136724
184;0.090483021;1.069745971;10.00397419;-4.956143329
185;0.090472681;1.069719873;10.00402448;-4.956149936
186;0.09046234;1.069693775;10.00407477;-4.956156546
187;0.090460306;1.06968864;10.00408467;-4.956157847
188;0.090452001;1.069667678;10.00412507;-4.956163144
189;0.090441661;1.069641581;10.00417536;-4.956169741
190;0.090431321;1.069615482;10.00422566;-4.956176342
191;0.090420981;1.069589384;10.00427596;-4.956182945
192;0.09041064;1.069563284;10.00432626;-4.95618955
193;0.0904003;1.069537184;10.00437657;-4.956196159
194;0.090389959;1.069511083;10.00442687;-4.95620277
195;0.090379618;1.069484981;10.00447718;-4.956209384
196;0.090374402;1.069471815;10.00450256;-4.956212721
197;0.090369277;1.069458879;10.00452749;-4.956215992
198;0.090358937;1.069432779;10.00457781;-4.956222593
199;0.090348596;1.069406677;10.00462812;-4.956229197
200;0.090338256;1.069380575;10.00467844;-4.956235804
201;0.090327915;1.069354472;10.00472876;-4.956242413
202;0.090317573;1.069328368;10.00477908;-4.956249026
203;0.090307232;1.069302264;10.0048294;-4.956255641
204;0.09029689;1.069276158;10.00487972;-4.956262259
205;0.090288504;1.069254989;10.00492054;-4.956267628
206;0.090286549;1.069250053;10.00493005;-4.956268876
207;0.090276208;1.069223949;10.00498038;-4.956275482
208;0.090265866;1.069197844;10.00503071;-4.95628209
209;0.090255525;1.069171738;10.00508105;-4.956288701
210;0.090245183;1.069145632;10.00513138;-4.956295314
211;0.090234841;1.069119525;10.00518172;-4.956301931
212;0.090224499;1.069093417;10.00523206;-4.95630855
213;0.090214157;1.069067308;10.0052824;-4.956315172
214;0.090203815;1.069041199;10.00533275;-4.956321797
215;0.090202612;1.069038162;10.0053386;-4.956322567
216;0.090193473;1.069015091;10.00538309;-4.956328408
217;0.090183131;1.068988982;10.00543344;-4.95633502
218;0.090172789;1.068962873;10.00548379;-4.956341635
219;0.090162447;1.068936764;10.00553415;-4.956348252
220;0.090152104;1.068910653;10.0055845;-4.956354873
221;0.090141761;1.068884542;10.00563486;-4.956361496
222;0.090131419;1.06885843;10.00568521;-4.956368122
223;0.090121076;1.068832317;10.00573557;-4.956374751
224;0.090116725;1.068821334;10.00575676;-4.95637754
225;0.090110733;1.068806205;10.00578594;-4.956381372
226;0.09010039;1.068780093;10.0058363;-4.956387988
227;0.090090048;1.06875398;10.00588667;-4.956394606
228;0.090079705;1.068727867;10.00593704;-4.956401228
229;0.090069361;1.068701753;10.00598741;-4.956407852
230;0.090059018;1.068675639;10.00603778;-4.95641448
231;0.090048675;1.068649523;10.00608816;-4.956421109
232;0.090038331;1.068623407;10.00613854;-4.956427742
233;0.090030844;1.068604505;10.006175;-4.956432544
234;0.090027987;1.068597291;10.00618891;-4.956434373
235;0.090017644;1.068571175;10.0062393;-4.956440993
236;0.090007301;1.068545059;10.00628968;-4.956447615
237;0.089996957;1.068518943;10.00634007;-4.956454241
238;0.089986613;1.068492825;10.00639046;-4.956460869
239;0.089976269;1.068466707;10.00644085;-4.956467501
240;0.089965925;1.068440588;10.00649124;-4.956474135
241;0.089955581;1.068414469;10.00654163;-4.956480771
242;0.089945236;1.068388348;10.00659203;-4.956487411
243;0.089944969;1.068387674;10.00659333;-4.956487582
244;0.089934893;1.06836223;10.00664243;-4.956494035
245;0.089924549;1.06833611;10.00669283;-4.956500662
246;0.089914204;1.06830999;10.00674323;-4.956507292
247;0.08990386;1.06828387;10.00679364;-4.956513924
248;0.089893515;1.068257748;10.00684404;-4.956520559
249;0.089883171;1.068231626;10.00689445;-4.956527197
250;0.089872826;1.068205503;10.00694486;-4.956533838
251;0.08986248;1.068179379;10.00699527;-4.956540482
252;0.0898591;1.068170843;10.00701174;-4.956542653
253;0.089852136;1.068153256;10.00704569;-4.956547116
254;0.089841791;1.068127133;10.00709611;-4.956553746
255;0.089831446;1.06810101;10.00714653;-4.95656038
256;0.089821101;1.068074886;10.00719695;-4.956567016
257;0.089810756;1.068048761;10.00724737;-4.956573656
258;0.08980041;1.068022635;10.0072978;-4.956580298
259;0.089790065;1.067996508;10.00734822;-4.956586942
260;0.089779719;1.067970381;10.00739865;-4.95659359
261;0.089773237;1.067954011;10.00743025;-4.956597756
262;0.089769373;1.067944254;10.00744908;-4.956600233
263;0.089759028;1.067918128;10.00749952;-4.956606868
264;0.089748683;1.067892001;10.00754996;-4.956613506
265;0.089738337;1.067865873;10.0076004;-4.956620146
266;0.089727991;1.067839745;10.00765084;-4.956626789
267;0.089717645;1.067813616;10.00770128;-4.956633435
268;0.089707299;1.067787486;10.00775172;-4.956640084
269;0.089696952;1.067761355;10.00780217;-4.956646736
270;0.089687379;1.067737178;10.00784884;-4.956652893
271;0.089686606;1.067735224;10.00785262;-4.956653389
272;0.08967626;1.067709095;10.00790307;-4.956660028
273;0.089665914;1.067682964;10.00795352;-4.956666669
274;0.089655567;1.067656833;10.00800398;-4.956673314
275;0.089645221;1.067630701;10.00805443;-4.956679961
276;0.089634874;1.067604569;10.00810489;-4.956686611
277;0.089624527;1.067578435;10.00815535;-4.956693264
278;0.08961418;1.067552301;10.00820582;-4.95669992
279;0.089603833;1.067526167;10.00825628;-4.956706578
280;0.089601527;1.067520344;10.00826752;-4.956708062
281;0.089593486;1.067500033;10.00830675;-4.956713225
282;0.089583139;1.067473899;10.00835722;-4.956719871
283;0.089572792;1.067447765;10.00840769;-4.956726519
284;0.089562445;1.067421629;10.00845817;-4.95673317
285;0.089552098;1.067395493;10.00850864;-4.956739824
286;0.08954175;1.067369357;10.00855912;-4.956746481
287;0.089531402;1.067343219;10.0086096;-4.956753141
288;0.089521055;1.067317081;10.00866008;-4.956759804
289;0.089515681;1.067303508;10.00868629;-4.956763264
290;0.089510707;1.067290943;10.00871057;-4.95676646
291;0.089500359;1.067264806;10.00876105;-4.95677311
292;0.089490012;1.067238668;10.00881154;-4.956779762
293;0.089479664;1.067212529;10.00886203;-4.956786417
294;0.089469316;1.06718639;10.00891253;-4.956793076
295;0.089458968;1.06716025;10.00896302;-4.956799736
296;0.089448619;1.067134109;10.00901352;-4.9568064
297;0.089438271;1.067107967;10.00906402;-4.956813067
298;0.089429841;1.067086672;10.00910515;-4.956818499
299;0.089427922;1.067081825;10.00911452;-4.956819733
300;0.089417574;1.067055685;10.00916502;-4.956826386
301;0.089407226;1.067029543;10.00921553;-4.956833043
302;0.089396878;1.067003401;10.00926603;-4.956839702
303;0.089386529;1.066977258;10.00931654;-4.956846364
304;0.08937618;1.066951115;10.00936706;-4.956853029
305;0.089365831;1.066924971;10.00941757;-4.956859697
306;0.089355482;1.066898825;10.00946808;-4.956866368
307;0.089345132;1.06687268;10.0095186;-4.956873041
308;0.089344006;1.066869835;10.0095241;-4.956873768
309;0.089334784;1.066846535;10.00956912;-4.956879701
310;0.089324435;1.06682039;10.00961965;-4.956886362
311;0.089314086;1.066794245;10.00967017;-4.956893025
312;0.089303736;1.066768099;10.0097207;-4.956899691
313;0.089293387;1.066741952;10.00977123;-4.95690636
314;0.089283037;1.066715804;10.00982176;-4.956913032
315;0.089272687;1.066689655;10.00987229;-4.956919707
316;0.089262337;1.066663506;10.00992282;-4.956926384
317;0.089258177;1.066652996;10.00994313;-4.956929069
318;0.089251988;1.066637358;10.00997336;-4.956933053
319;0.089241638;1.066611209;10.0100239;-4.956939718
320;0.089231288;1.06658506;10.01007444;-4.956946386
321;0.089220938;1.066558911;10.01012498;-4.956953056
322;0.089210588;1.06653276;10.01017553;-4.956959729
323;0.089200238;1.066506609;10.01022608;-4.956966405
324;0.089189888;1.066480457;10.01027663;-4.956973084
325;0.089179537;1.066454304;10.01032718;-4.956979765
326;0.089172354;1.066436157;10.01036225;-4.956984403
327;0.089169186;1.066428152;10.01037773;-4.956986444
328;0.089158836;1.066402;10.01042829;-4.956993112
329;0.089148486;1.066375848;10.01047885;-4.956999784
330;0.089138135;1.066349694;10.01052941;-4.957006458
331;0.089127784;1.066323541;10.01057997;-4.957013135
332;0.089117433;1.066297386;10.01063053;-4.957019815
333;0.089107082;1.066271231;10.0106811;-4.957026498
334;0.089096731;1.066245075;10.01073167;-4.957033184
335;0.089086537;1.066219317;10.01078146;-4.95703977
336;0.089086379;1.066218918;10.01078224;-4.957039872
337;0.089076029;1.066192763;10.01083281;-4.957046545
338;0.089065678;1.066166607;10.01088339;-4.957053221
339;0.089055326;1.06614045;10.01093396;-4.957059899
340;0.089044975;1.066114293;10.01098454;-4.95706658
341;0.089034623;1.066088135;10.01103512;-4.957073264
342;0.089024272;1.066061976;10.01108571;-4.957079951
343;0.08901392;1.066035816;10.01113629;-4.957086641
344;0.089003567;1.066009656;10.01118688;-4.957093333
345;0.089000726;1.066002475;10.01120076;-4.957095171
346;0.088993216;1.065983497;10.01123747;-4.957100015
347;0.088982864;1.065957338;10.01128806;-4.957106695
348;0.088972512;1.065931178;10.01133866;-4.957113377
349;0.08896216;1.065905017;10.01138925;-4.957120063
350;0.088951808;1.065878855;10.01143985;-4.957126751
351;0.088941455;1.065852693;10.01149045;-4.957133442
352;0.088931103;1.06582653;10.01154105;-4.957140136
353;0.08892075;1.065800366;10.01159165;-4.957146832
354;0.08891492;1.065785633;10.01162015;-4.957150604
355;0.088910397;1.065774203;10.01164226;-4.957153524
356;0.088900045;1.06574804;10.01169287;-4.957160207
357;0.088889693;1.065721877;10.01174348;-4.957166894
358;0.08887934;1.065695713;10.0117941;-4.957173583
359;0.088868987;1.065669548;10.01184471;-4.957180276
360;0.088858634;1.065643382;10.01189533;-4.957186971
361;0.088848281;1.065617215;10.01194595;-4.957193669
362;0.088837927;1.065591048;10.01199657;-4.957200369
363;0.08882912;1.06556879;10.01203963;-4.957206071
364;0.088827574;1.065564881;10.01204719;-4.95720707
365;0.088817221;1.065538715;10.01209782;-4.957213758
366;0.088806868;1.065512548;10.01214844;-4.957220449
367;0.088796514;1.06548638;10.01219908;-4.957227142
368;0.088786161;1.065460212;10.01224971;-4.957233838
369;0.088775807;1.065434043;10.01230034;-4.957240538
370;0.088765453;1.065407873;10.01235098;-4.95724724
371;0.088755099;1.065381702;10.01240161;-4.957253945
372;0.088744745;1.065355531;10.01245225;-4.957260652
373;0.088743326;1.065351945;10.01245919;-4.957261571
374;0.088734391;1.065329361;10.0125029;-4.957267347
375;0.088724037;1.06530319;10.01255354;-4.957274041
376;0.088713683;1.065277019;10.01260419;-4.957280739
377;0.088703329;1.065250847;10.01265484;-4.957287439
378;0.088692975;1.065224675;10.01270549;-4.957294143
379;0.08868262;1.065198502;10.01275614;-4.957300849
380;0.088672265;1.065172328;10.0128068;-4.957307558
381;0.08866191;1.065146153;10.01285745;-4.95731427
382;0.088657538;1.0651351;10.01287884;-4.957317105
383;0.088651556;1.065119979;10.01290811;-4.957320973
384;0.088641201;1.065093805;10.01295877;-4.957327672
385;0.088630847;1.06506763;10.01300944;-4.957334374
386;0.088620492;1.065041455;10.01306011;-4.957341079
387;0.088610137;1.065015279;10.01311077;-4.957347786
388;0.088599782;1.064989102;10.01316144;-4.957354496
389;0.088589426;1.064962925;10.01321211;-4.957361209
390;0.088579071;1.064936747;10.01326279;-4.957367925
391;0.088571755;1.064918253;10.01329858;-4.957372671
392;0.088568715;1.064910568;10.01331346;-4.957374638
393;0.08855836;1.064884391;10.01336414;-4.957381341
394;0.088548005;1.064858213;10.01341482;-4.957388047
395;0.088537649;1.064832034;10.01346551;-4.957394756
396;0.088527294;1.064805855;10.01351619;-4.957401467
397;0.088516938;1.064779675;10.01356688;-4.957408182
398;0.088506582;1.064753494;10.01361757;-4.957414899
399;0.088496226;1.064727312;10.01366826;-4.957421619
400;0.088485978;1.064701406;10.01371841;-4.957428271
401;0.088485869;1.06470113;10.01371895;-4.957428342
402;0.088475513;1.064674949;10.01376965;-4.957435049
403;0.088465158;1.064648767;10.01382034;-4.957441759
404;0.088454801;1.064622585;10.01387104;-4.957448472
405;0.088444445;1.064596402;10.01392175;-4.957455187
406;0.088434089;1.064570219;10.01397245;-4.957461906
407;0.088423732;1.064544034;10.01402316;-4.957468627
408;0.088413375;1.064517849;10.01407386;-4.957475351
409;0.088403018;1.064491663;10.01412457;-4.957482078
410;0.088400207;1.064484557;10.01413833;-4.957483904
411;0.088392661;1.064465478;10.01417528;-4.957488794
412;0.088382305;1.064439294;10.014226;-4.957495509
413;0.088371948;1.064413108;10.01427672;-4.957502226
414;0.088361591;1.064386922;10.01432744;-4.957508945
415;0.088351234;1.064360735;10.01437816;-4.957515668
416;0.088340877;1.064334547;10.01442888;-4.957522393
417;0.088330519;1.064308358;10.0144796;-4.957529122
418;0.088320161;1.064282169;10.01453033;-4.957535853
419;0.088314442;1.064267708;10.01455834;-4.957539571
420;0.088309804;1.06425598;10.01458106;-4.957542578
421;0.088299447;1.064229791;10.01463179;-4.957549297
422;0.088289089;1.064203602;10.01468253;-4.957556018
423;0.088278732;1.064177412;10.01473326;-4.957562742
424;0.088268374;1.064151222;10.014784;-4.957569468
425;0.088258016;1.064125031;10.01483474;-4.957576198
426;0.088247658;1.064098839;10.01488548;-4.957582931
427;0.088237299;1.064072646;10.01493622;-4.957589666
428;0.088228683;1.064050857;10.01497844;-4.957595271
429;0.088226941;1.064046453;10.01498697;-4.957596401
430;0.088216583;1.064020261;10.01503772;-4.957603123
431;0.088206225;1.063994068;10.01508847;-4.957609848
432;0.088195867;1.063967875;10.01513922;-4.957616576
433;0.088185508;1.063941681;10.01518998;-4.957623307
434;0.08817515;1.063915486;10.01524074;-4.957630041
435;0.088164791;1.063889291;10.01529149;-4.957636778
436;0.088154432;1.063863095;10.01534225;-4.957643517
437;0.088144073;1.063836898;10.01539302;-4.95765026
438;0.088142929;1.063834006;10.01539862;-4.957651004
439;0.088133714;1.063810702;10.01544378;-4.957656988
440;0.088123355;1.063784506;10.01549455;-4.957663718
441;0.088112996;1.063758309;10.01554532;-4.95767045
442;0.088102637;1.063732112;10.01559609;-4.957677185
443;0.088092278;1.063705914;10.01564687;-4.957683923
444;0.088081919;1.063679715;10.01569764;-4.957690664
445;0.088071559;1.063653515;10.01574842;-4.957697407
446;0.088061199;1.063627315;10.0157992;-4.957704154
447;0.088057181;1.063617154;10.01581889;-4.957706771
448;0.088050839;1.063601115;10.01584998;-4.957710891
449;0.08804048;1.063574915;10.01590077;-4.957717625
450;0.088030121;1.063548715;10.01595156;-4.957724361
451;0.088019761;1.063522514;10.01600234;-4.957731101
452;0.088009401;1.063496313;10.01605314;-4.957737843
453;0.087999041;1.06347011;10.01610393;-4.957744588
454;0.08798868;1.063443907;10.01615472;-4.957751335
455;0.08797832;1.063417703;10.01620552;-4.957758086
456;0.087971439;1.0634003;10.01623925;-4.957762571
457;0.087967959;1.063391499;10.01625632;-4.957764833
458;0.0879576;1.063365296;10.01630712;-4.957771571
459;0.087947239;1.063339093;10.01635792;-4.957778311
460;0.087936879;1.063312888;10.01640873;-4.957785055
461;0.087926518;1.063286683;10.01645954;-4.957791801
462;0.087916158;1.063260477;10.01651035;-4.95779855
463;0.087905797;1.063234271;10.01656116;-4.957805302
464;0.087895435;1.063208064;10.01661197;-4.957812057
465;0.087885703;1.063183446;10.01665971;-4.957818405
466;0.087885074;1.063181856;10.01666279;-4.957818814
467;0.087874714;1.063155649;10.01671361;-4.957825556
468;0.087864353;1.063129442;10.01676443;-4.9578323
469;0.087853992;1.063103234;10.01681525;-4.957839048
470;0.087843631;1.063077026;10.01686608;-4.957845798
471;0.087833269;1.063050816;10.01691691;-4.957852552
472;0.087822907;1.063024606;10.01696773;-4.957859308
473;0.087812546;1.062998396;10.01701856;-4.957866067
474;0.087802184;1.062972184;10.0170694;-4.957872829
475;0.087799972;1.06296659;10.01708024;-4.957874272
476;0.087791822;1.062945974;10.01712023;-4.957879579
477;0.087781461;1.062919763;10.01717107;-4.957886328
478;0.087771099;1.062893552;10.01722191;-4.957893079
479;0.087760737;1.06286734;10.01727276;-4.957899834
480;0.087750375;1.062841127;10.0173236;-4.957906592
481;0.087740013;1.062814913;10.01737444;-4.957913352
482;0.08772965;1.062788699;10.01742529;-4.957920115
483;0.087719288;1.062762484;10.01747614;-4.957926881
484;0.087714248;1.062749734;10.01750087;-4.957930173
485;0.087708925;1.062736269;10.01752699;-4.95793364
486;0.087698563;1.062710055;10.01757785;-4.957940394
487;0.087688201;1.062683841;10.01762871;-4.95794715
488;0.087677838;1.062657625;10.01767957;-4.957953908
489;0.087667476;1.062631409;10.01773043;-4.95796067
490;0.087657113;1.062605192;10.01778129;-4.957967435
491;0.08764675;1.062578974;10.01783216;-4.957974202
492;0.087636386;1.062552756;10.01788302;-4.957980972
493;0.087628529;1.062532877;10.01792159;-4.957986107
494;0.087626023;1.062526537;10.01793389;-4.957987741
495;0.08761566;1.062500319;10.01798477;-4.957994498
496;0.087605297;1.062474101;10.01803564;-4.958001258
497;0.087594934;1.062447882;10.01808652;-4.958008021
498;0.087584571;1.062421663;10.0181374;-4.958014787
499;0.087574207;1.062395442;10.01818828;-4.958021556
500;0.087563843;1.062369221;10.01823916;-4.958028328
501;0.087553479;1.062342999;10.01829004;-4.958035102
502;0.087543115;1.062316776;10.01834093;-4.95804188
503;0.087542816;1.062316018;10.0183424;-4.958042075
504;0.087532752;1.062290555;10.01839182;-4.958048642
505;0.087522388;1.062264334;10.01844271;-4.958055406
506;0.087512024;1.062238111;10.0184936;-4.958062173
507;0.08750166;1.062211888;10.0185445;-4.958068943
508;0.087491296;1.062185664;10.0185954;-4.958075716
509;0.087480932;1.062159439;10.01864629;-4.958082492
510;0.087470567;1.062133214;10.01869719;-4.958089271
511;0.087460202;1.062106988;10.0187481;-4.958096052
512;0.087457108;1.062099159;10.01876329;-4.958098077
513;0.087449838;1.062080762;10.018799;-4.958102824
514;0.087439474;1.062054537;10.01884991;-4.958109592
515;0.087429109;1.062028311;10.01890082;-4.958116364
516;0.087418745;1.062002085;10.01895174;-4.958123138
517;0.08740838;1.061975857;10.01900265;-4.958129915
518;0.087398015;1.061949629;10.01905357;-4.958136695
519;0.087387649;1.0619234;10.01910449;-4.958143478
520;0.087377284;1.061897171;10.01915541;-4.958150264
521;0.087371407;1.061882298;10.01918428;-4.958154113
522;0.087366919;1.061870941;10.01920633;-4.958157044
523;0.087356554;1.061844713;10.01925726;-4.958163817
524;0.087346189;1.061818483;10.01930818;-4.958170593
525;0.087335823;1.061792253;10.01935911;-4.958177372
526;0.087325458;1.061766022;10.01941005;-4.958184153
527;0.087315092;1.061739791;10.01946098;-4.958190937
528;0.087304726;1.061713558;10.01951191;-4.958197724
529;0.08729436;1.061687325;10.01956285;-4.958204514
530;0.087285711;1.061665437;10.01960535;-4.958210182
531;0.087283994;1.061661092;10.01961379;-4.958211304
532;0.087273628;1.06163486;10.01966473;-4.958218081
533;0.087263263;1.061608627;10.01971568;-4.958224861
534;0.087252897;1.061582393;10.01976663;-4.958231644
535;0.08724253;1.061556159;10.01981758;-4.95823843
536;0.087232164;1.061529924;10.01986853;-4.958245218
537;0.087221797;1.061503688;10.01991948;-4.95825201
538;0.087211431;1.061477451;10.01997043;-4.958258804
539;0.087201064;1.061451214;10.02002139;-4.958265601
540;0.087200021;1.061448575;10.02002651;-4.958266285
541;0.087190697;1.061424978;10.02007235;-4.958272384
542;0.087180331;1.061398742;10.02012331;-4.958279168
543;0.087169964;1.061372505;10.02017428;-4.958285955
544;0.087159598;1.061346267;10.02022524;-4.958292745
545;0.087149231;1.061320028;10.02027621;-4.958299538
546;0.087138863;1.061293789;10.02032718;-4.958306334
547;0.087128496;1.061267549;10.02037815;-4.958313132
548;0.087118128;1.061241308;10.02042912;-4.958319934
549;0.087114337;1.061231711;10.02044777;-4.958322422
550;0.087107761;1.061215068;10.0204801;-4.958326726
551;0.087097394;1.061188828;10.02053108;-4.958333514
552;0.087087027;1.061162588;10.02058206;-4.958340306
553;0.087076659;1.061136346;10.02063305;-4.9583471
554;0.087066292;1.061110104;10.02068403;-4.958353897
555;0.087055924;1.061083862;10.02073502;-4.958360697
556;0.087045556;1.061057618;10.02078601;-4.958367499
557;0.087035187;1.061031374;10.020837;-4.958374305
558;0.087028658;1.061014847;10.02086911;-4.958378592
559;0.087024819;1.06100513;10.02088799;-4.958381106
560;0.087014452;1.060978886;10.02093899;-4.958387899
561;0.087004084;1.060952642;10.02098999;-4.958394695
562;0.086993716;1.060926398;10.02104099;-4.958401493
563;0.086983347;1.060900152;10.02109199;-4.958408294
564;0.086972979;1.060873906;10.02114299;-4.958415099
565;0.08696261;1.060847659;10.021194;-4.958421906
566;0.086952241;1.060821411;10.02124501;-4.958428716
567;0.086942986;1.060797982;10.02129054;-4.958434796
568;0.086941872;1.060795163;10.02129602;-4.958435526
569;0.086931504;1.060768916;10.02134703;-4.958442323
570;0.086921135;1.060742668;10.02139805;-4.958449123
571;0.086910766;1.06071642;10.02144907;-4.958455926
572;0.086900397;1.060690171;10.02150009;-4.958462731
573;0.086890028;1.060663921;10.02155111;-4.95846954
574;0.086879659;1.060637671;10.02160213;-4.958476351
575;0.086869289;1.06061142;10.02165316;-4.958483165
576;0.08685892;1.060585168;10.02170418;-4.958489982
577;0.086857319;1.060581116;10.02171206;-4.958491035
578;0.08684855;1.060558917;10.02175521;-4.958496786
579;0.086838181;1.060532666;10.02180625;-4.95850359
580;0.086827812;1.060506414;10.02185728;-4.958510397
581;0.086817442;1.060480162;10.02190832;-4.958517207
582;0.086807072;1.060453909;10.02195936;-4.95852402
583;0.086796702;1.060427655;10.0220104;-4.958530835
584;0.086786332;1.0604014;10.02206144;-4.958537654
585;0.086775962;1.060375145;10.02211248;-4.958544475
586;0.086771658;1.060364248;10.02213367;-4.958547307
587;0.086765592;1.06034889;10.02216353;-4.958551288
588;0.086755222;1.060322635;10.02221458;-4.958558097
589;0.086744852;1.06029638;10.02226563;-4.958564908
590;0.086734481;1.060270124;10.02231669;-4.958571722
591;0.086724111;1.060243867;10.02236774;-4.958578539
592;0.08671374;1.06021761;10.0224188;-4.958585359
593;0.086703369;1.060191352;10.02246986;-4.958592182
594;0.086692998;1.060165093;10.02252092;-4.958599007
595;0.086686003;1.06014738;10.02255537;-4.958603613
596;0.086682627;1.060138834;10.02257199;-4.95860583
597;0.086672257;1.060112576;10.02262306;-4.958612642
598;0.086661886;1.060086317;10.02267413;-4.958619458
599;0.086651515;1.060060058;10.0227252;-4.958626276
600;0.086641144;1.060033797;10.02277627;-4.958633097
601;0.086630773;1.060007536;10.02282735;-4.958639922
602;0.086620401;1.059981275;10.02287842;-4.958646749
603;0.086610029;1.059955012;10.0229295;-4.958653579
604;0.086600353;1.059930511;10.02297715;-4.958659953
605;0.086599658;1.059928749;10.02298058;-4.95866041
606;0.086589286;1.059902488;10.02303167;-4.958667227
607;0.086578915;1.059876226;10.02308275;-4.958674047
608;0.086568543;1.059849963;10.02313384;-4.95868087
609;0.086558172;1.059823699;10.02318493;-4.958687695
610;0.0865478;1.059797435;10.02323603;-4.958694524
611;0.086537428;1.05977117;10.02328712;-4.958701355
612;0.086527055;1.059744904;10.02333822;-4.958708189
613;0.086516683;1.059718637;10.02338931;-4.958715026
614;0.08651471;1.059713641;10.02339903;-4.958716327
615;0.086506311;1.059692371;10.02344041;-4.958721851
616;0.086495939;1.059666106;10.02349152;-4.958728675
617;0.086485566;1.059639839;10.02354263;-4.958735502
618;0.086475194;1.059613572;10.02359373;-4.958742332
619;0.086464821;1.059587304;10.02364484;-4.958749165
620;0.086454448;1.059561036;10.02369595;-4.958756001
621;0.086444075;1.059534766;10.02374707;-4.958762839
622;0.086433702;1.059508496;10.02379818;-4.958769681
623;0.086429072;1.05949677;10.023821;-4.958772735
624;0.086423329;1.059482226;10.0238493;-4.958776514
625;0.086412957;1.059455957;10.02390042;-4.958783343
626;0.086402584;1.059429687;10.02395155;-4.958790174
627;0.086392211;1.059403417;10.02400267;-4.958797008
628;0.086381837;1.059377145;10.0240538;-4.958803845
629;0.086371464;1.059350873;10.02410493;-4.958810685
630;0.08636109;1.0593246;10.02415606;-4.958817528
631;0.086350716;1.059298327;10.02420719;-4.958824374
632;0.08634344;1.059279898;10.02424306;-4.958829177
633;0.086340342;1.059272053;10.02425833;-4.958831217
634;0.086329969;1.05924578;10.02430946;-4.958838049
635;0.086319596;1.059219507;10.02436061;-4.958844885
636;0.086309222;1.059193233;10.02441175;-4.958851724
637;0.086298848;1.059166958;10.02446289;-4.958858565
638;0.086288474;1.059140682;10.02451404;-4.958865409
639;0.086278099;1.059114406;10.02456519;-4.958872257
640;0.086267725;1.059088129;10.02461634;-4.958879107
641;0.086257814;1.059063025;10.0246652;-4.958885653
642;0.08625735;1.059061851;10.02466749;-4.958885959
643;0.086246976;1.059035575;10.02471864;-4.958892796
644;0.086236602;1.059009298;10.0247698;-4.958899636
645;0.086226228;1.05898302;10.02482096;-4.958906479
646;0.086215853;1.058956742;10.02487212;-4.958913324
647;0.086205478;1.058930463;10.02492329;-4.958920173
648;0.086195103;1.058904183;10.02497445;-4.958927025
649;0.086184728;1.058877902;10.02502562;-4.958933879
650;0.086174353;1.058851621;10.02507679;-4.958940736
651;0.086172193;1.058846151;10.02508744;-4.958942164
652;0.086163978;1.05882534;10.02512796;-4.958947581
653;0.086153603;1.05879906;10.02517914;-4.958954426
654;0.086143228;1.058772779;10.02523031;-4.958961273
655;0.086132853;1.058746497;10.02528149;-4.958968123
656;0.086122477;1.058720214;10.02533267;-4.958974976
657;0.086122373;1.058719951;10.02533319;-4.958975045
658;0.086086674;1.058629518;10.01194907;-4.958997352
659;0.086016558;1.058452373;9.985753614;-4.959043209
660;0.086000849;1.058412889;9.979979616;-4.959053259
661;0.085914612;1.058196396;9.948463368;-4.959109506
662;0.085908382;1.058180854;9.946177495;-4.95911399
663;0.085827827;1.057979986;9.917336037;-4.959166682
664;0.085797906;1.05790581;9.906604014;-4.959188088
665;0.085740322;1.057763363;9.886389935;-4.959226567
666;0.085685115;1.057627356;9.867032876;-4.95926581
667;0.08565223;1.057546662;9.855714597;-4.959288234
668;0.085569803;1.057344862;9.827465095;-4.959346402
669;0.085563709;1.057330028;9.825408418;-4.959350639
670;0.085474778;1.057113658;9.795573088;-4.959412837
671;0.085451968;1.0570585;9.787900291;-4.959430192
672;0.085385128;1.056897133;9.765917425;-4.959477514
673;0.085331647;1.056768606;9.748337781;-4.959517782
674;0.085294846;1.056680489;9.736468886;-4.959544297
675;0.085208635;1.056474577;9.708778508;-4.9596085
676;0.085204146;1.056463918;9.707358847;-4.959611788
677;0.085113053;1.056247676;9.678715131;-4.959678781
678;0.085082926;1.056176591;9.669222089;-4.959702658
679;0.085021196;1.056031231;9.650189335;-4.959748603
680;0.084954532;1.055874889;9.629667998;-4.959800737
681;0.084928761;1.055814715;9.621875329;-4.95982021
682;0.084835969;1.055598415;9.593950248;-4.959891756
683;0.084823272;1.055568997;9.590116949;-4.959902234
684;0.084742615;1.055382267;9.566335216;-4.95996406
685;0.084689146;1.055259117;9.550568508;-4.960007508
686;0.084648545;1.055165925;9.53882677;-4.96003906
687;0.08455409;1.054949683;9.511622325;-4.96011461
688;0.084552018;1.054944965;9.511023033;-4.960116375
689;0.084459234;1.054733842;9.484853443;-4.96018942
690;0.084411865;1.054626676;9.47148022;-4.960229059
691;0.084363564;1.054517727;9.458116985;-4.960267559
692;0.084268602;1.054304164;9.431940072;-4.960345656
693;0.084267481;1.05430166;9.431636032;-4.96034656
694;0.084171048;1.054086068;9.405608974;-4.96042439
695;0.084122163;1.053977418;9.392402536;-4.960466198
696;0.084073777;1.053870195;9.379592091;-4.960505661
697;0.083976111;1.053654399;9.35382961;-4.960587634
698;0.083972477;1.053646416;9.352867506;-4.960590853
699;0.083878055;1.053439052;9.328477203;-4.960668683
700;0.083819454;1.053311072;9.313335039;-4.960719576
701;0.083779182;1.05322343;9.303129626;-4.960753106
702;0.083679967;1.053008014;9.278084882;-4.960837548
703;0.083663058;1.052971515;9.273804794;-4.960852688
704;0.08358021;1.052792855;9.253316672;-4.960922328
705;0.083503135;1.052627435;9.23427717;-4.960989921
706;0.083479769;1.052577512;9.228608184;-4.961009738
707;0.08337904;1.052362575;9.204276854;-4.961096187
708;0.083339667;1.052279043;9.194751706;-4.961131642
709;0.083277575;1.052147606;9.180047858;-4.961184757
710;0.083175665;1.051932633;9.155988701;-4.961274555
711;0.083172458;1.051925907;9.155228971;-4.961277512
712;0.083073414;1.051718213;9.13233443;-4.961362921
713;0.083001472;1.05156818;9.115708611;-4.961427778
714;0.08297033;1.051503494;9.108645272;-4.961454835
715;0.082866966;1.051289158;9.085296054;-4.961545892
716;0.082826715;1.051206167;9.076190003;-4.961582925
717;0.082762887;1.051074853;9.062056457;-4.961638777
718;0.082658375;1.050860581;9.038982524;-4.961732723
719;0.082647949;1.050839327;9.036673879;-4.961742489
720;0.082553455;1.050646798;9.016244029;-4.961825729
721;0.082465085;1.050467654;8.997160127;-4.961906565
722;0.082447788;1.050432755;8.993490445;-4.961921895
723;0.08234188;1.050219267;8.97111934;-4.962016412
724;0.082278131;1.050091479;8.957648091;-4.962075621
725;0.082235147;1.050005606;8.948742837;-4.96211394
726;0.082128124;1.049792275;8.926648735;-4.962210905
727;0.082086959;1.049710677;8.91813783;-4.96224965
728;0.082020417;1.049579061;8.904674323;-4.962309292
729;0.08191229;1.049365923;8.882858212;-4.962408548
730;0.081891383;1.04932494;8.878629689;-4.962428453
731;0.081803674;1.049153198;8.861296824;-4.96250746
732;0.081694455;1.048940287;8.839759894;-4.962608846
733;0.08169124;1.048934054;8.839123856;-4.962611937
734;0.081584969;1.048728074;8.818610038;-4.962708106
735;0.081486481;1.048538194;8.799619919;-4.962800381
736;0.081474659;1.048515514;8.797380185;-4.962811122
737;0.081364147;1.048303631;8.776534064;-4.96291193
738;0.081277075;1.048137602;8.760117358;-4.962994139
739;0.081252779;1.048091473;8.75562068;-4.9630163
740;0.081141209;1.047879904;8.735052951;-4.963118836
741;0.081062892;1.0477322;8.720616147;-4.963193245
742;0.081028807;1.047668165;8.714453098;-4.963224439
743;0.080916191;1.047456941;8.694163895;-4.963328562
744;0.080843785;1.047321874;8.68111631;-4.963397691
745;0.080802768;1.047245629;8.673869856;-4.963435345
746;0.080689117;1.047034781;8.653859255;-4.963540912
747;0.080619616;1.04690654;8.641617821;-4.963607507
748;0.080574678;1.046823899;8.633860104;-4.963648871
749;0.080460003;1.046613458;8.61412808;-4.963755742
750;0.080390246;1.046486138;8.602120613;-4.963822741
751;0.080344547;1.046403005;8.594411233;-4.963864904
752;0.080228859;1.046193001;8.574957634;-4.96397294
753;0.080155535;1.046060615;8.562624604;-4.96404345
754;0.080112384;1.045982974;8.555510324;-4.96408334
755;0.079995696;1.045773436;8.536334863;-4.964192406
756;0.079915341;1.045629915;8.523129713;-4.964269687
757;0.079878203;1.045563831;8.517145521;-4.964304073
758;0.079760527;1.045354789;8.498247782;-4.964414036
759;0.079669506;1.045193963;8.483635879;-4.964501491
760;0.079642023;1.045145604;8.479307323;-4.96452697
761;0.079523371;1.044937086;8.460686781;-4.964637698
762;0.079417863;1.044752655;8.44414308;-4.964738875
763;0.079403876;1.044728323;8.441989821;-4.964751854
764;0.079284261;1.044520357;8.423645875;-4.964863217
765;0.079163808;1.044312047;8.40519848;-4.964978386
766;0.079160245;1.044305918;8.404651244;-4.964981879
767;0.079043196;1.044104614;8.387108945;-4.965090571
768;0.078921797;1.043896899;8.368940488;-4.965206179
769;0.078896588;1.043853996;8.365159846;-4.965230786
770;0.078800005;1.043689808;8.351008209;-4.965320493
771;0.078677669;1.043482712;8.333117235;-4.965436428
772;0.078626795;1.043397049;8.325668468;-4.965485825
773;0.078554729;1.043275972;8.315344484;-4.965552751
774;0.078431467;1.043069521;8.297729534;-4.965668902
775;0.078350643;1.042934866;8.28617723;-4.965746907
776;0.078307444;1.042863145;8.280126171;-4.965787007
777;0.078183267;1.042657364;8.26278585;-4.965903261
778;0.078067868;1.042467134;8.246686381;-4.96601388
779;0.078058259;1.042451373;8.245370324;-4.966022791
780;0.077933181;1.042246286;8.228303372;-4.966139033
781;0.077807277;1.042040926;8.21114539;-4.966258783
782;0.077778348;1.041993991;8.207195542;-4.966286911
783;0.077680989;1.041836225;8.194206937;-4.966377126
784;0.0775542;1.041631597;8.177323556;-4.966496688
785;0.077481998;1.041515685;8.16770416;-4.966566279
786;0.077426715;1.041427199;8.160491346;-4.96661743
787;0.07729905;1.041223326;8.143880488;-4.966736708
788;0.077178515;1.041031848;8.128212535;-4.966851796
789;0.077170558;1.04101927;8.127197187;-4.966859145
790;0.07704203;1.040816174;8.110857125;-4.966978034
791;0.07691268;1.040612845;8.094432753;-4.967100259
792;0.076867755;1.040542597;8.088720317;-4.967143587
793;0.076782842;1.040410065;8.078163272;-4.967221859
794;0.076652646;1.040207549;8.062010374;-4.967343532
795;0.076549574;1.040048063;8.049227097;-4.967441839
796;0.076521659;1.040005048;8.045832372;-4.967467506
797;0.076390626;1.039803365;8.02994863;-4.967588537
798;0.076258774;1.039601476;8.013984352;-4.967712802
799;0.076223719;1.039548083;8.009732891;-4.967746482
800;0.076126542;1.039400277;7.99821596;-4.967835603
801;0.075993871;1.039199255;7.982521483;-4.967959062
802;0.075889999;1.039042691;7.970237425;-4.968057604
803;0.07586042;1.03899829;7.966808154;-4.968084644
804;0.07572694;1.038798155;7.95138076;-4.968207218
805;0.075592643;1.03859784;7.935876821;-4.968332917
806;0.075548214;1.038531917;7.930740436;-4.96837527
807;0.07545791;1.03839816;7.920535116;-4.968457555
808;0.075322821;1.038198764;7.905298547;-4.968582213
809;0.075198094;1.03801562;7.891241871;-4.968699449
810;0.075186922;1.037999294;7.890006584;-4.96870959
811;0.075051051;1.037800834;7.875034539;-4.968833133
812;0.074914369;1.037602222;7.859990093;-4.968959686
813;0.074839471;1.037493956;7.8517413;-4.969030261
814;0.07477706;1.037403999;7.845013666;-4.969086687
815;0.074639612;1.037206354;7.830233507;-4.969211982
816;0.07450135;1.037008569;7.815381941;-4.969340253
817;0.074472138;1.036966999;7.812238366;-4.969367812
818;0.074362829;1.036811624;7.800749401;-4.969466215
819;0.07422382;1.036614837;7.786162119;-4.969593079
820;0.074095752;1.036434481;7.772733176;-4.969711958
821;0.074084007;1.036418019;7.771525137;-4.96972248
822;0.073944257;1.036222245;7.757198709;-4.969847879
823;0.073803702;1.036026357;7.742805228;-4.969976131
824;0.073710166;1.035896677;7.733225125;-4.970062882
825;0.073662455;1.03583076;7.728439672;-4.970105409
826;0.073521177;1.035635913;7.714306371;-4.970232064
827;0.07337909;1.035440966;7.700107206;-4.970361532
828;0.073315172;1.035353725;7.693713766;-4.970420694
829;0.073236494;1.035246594;7.686017033;-4.97049045
830;0.073093701;1.035052715;7.672077386;-4.970618189
831;0.0729501;1.034858748;7.658073135;-4.970748699
832;0.072910434;1.034805451;7.654199058;-4.970785297
833;0.072806196;1.034665593;7.644252443;-4.97087719
834;0.072661905;1.034472721;7.630506972;-4.971005842
835;0.072516805;1.034279775;7.616698224;-4.971137221
836;0.072495647;1.034251788;7.61468081;-4.97115666
837;0.072371596;1.034087822;7.603133471;-4.971265356
838;0.072225825;1.033895996;7.589582622;-4.971394752
839;0.072079244;1.033704108;7.575969881;-4.971526829
840;0.072070529;1.033692759;7.575158708;-4.971534794
841;0.071932705;1.033513338;7.562642204;-4.971654784
842;0.07178547;1.033322596;7.549286292;-4.971784757
843;0.071637426;1.033131805;7.535869927;-4.971917364
844;0.071634811;1.033128452;7.535632352;-4.971919739
845;0.071489509;1.032942196;7.522757387;-4.972045381
846;0.071340827;1.032752574;7.509596568;-4.97217577
847;0.071191339;1.032562916;7.496376782;-4.972308744
848;0.071188231;1.032558994;7.496101288;-4.972311546
849;0.071041985;1.032374447;7.483456438;-4.972437098
850;0.070891874;1.032185981;7.470490697;-4.972567746
851;0.070740958;1.031997493;7.457467511;-4.972700927
852;0.070730522;1.031984527;7.456565039;-4.972710258
853;0.070590107;1.031810142;7.444717274;-4.972829895
854;0.070438583;1.031622868;7.431946424;-4.972960649
855;0.070286257;1.031435583;7.419119682;-4.973093885
856;0.070261403;1.031405187;7.417023135;-4.973115904
857;0.070133857;1.031249331;7.406519928;-4.973223715
858;0.069980937;1.031063281;7.393943626;-4.973354428
859;0.069827216;1.030877234;7.381313009;-4.973487569
860;0.06978057;1.030821076;7.377475135;-4.973528484
861;0.069673233;1.03069206;7.368847988;-4.973618456
862;0.069518933;1.030507268;7.356465759;-4.973748984
863;0.069363836;1.030322492;7.344030813;-4.973881886
864;0.069287682;1.030232243;7.337920658;-4.973947959
865;0.069208264;1.030138372;7.331689898;-4.974013948
866;0.0690526;1.02995487;7.319501173;-4.97414415
867;0.068896143;1.029771397;7.307261342;-4.974276672
868;0.068782353;1.029638661;7.298359402;-4.974374247
869;0.068739014;1.029588301;7.295040204;-4.974409928
870;0.068582004;1.029406121;7.283044361;-4.974539667
871;0.068424205;1.029223981;7.270999031;-4.97467167
872;0.068265605;1.029041882;7.258902881;-4.97480597
873;0.068264144;1.029040213;7.258791153;-4.974807222
874;0.068107251;1.028861042;7.247095044;-4.974935196
875;0.067948128;1.028680266;7.235243577;-4.975066542
876;0.067788209;1.028499544;7.223342977;-4.975200128
877;0.067732804;1.028437264;7.219215146;-4.975246941
878;0.067628015;1.028319693;7.211587962;-4.975331561
879;0.067467583;1.02814031;7.199929232;-4.975462127
880;0.067306361;1.027960993;7.18822305;-4.975594875
881;0.067188022;1.027830073;7.179630709;-4.975693431
882;0.067144477;1.027782088;7.176535905;-4.975728228
883;0.066982753;1.027604125;7.16506886;-4.975857891
884;0.066820243;1.027426242;7.153556038;-4.975989676
885;0.066656938;1.027248438;7.14199625;-4.976123615
886;0.066629314;1.027218523;7.14003761;-4.976146516
887;0.066493644;1.027071735;7.130648756;-4.976253782
888;0.066329864;1.026895312;7.119328119;-4.976384486
889;0.066165295;1.02671898;7.107962237;-4.976517282
890;0.066056331;1.026602856;7.100435196;-4.976606163
891;0.066000133;1.026543177;7.096637062;-4.976650092
892;0.065835097;1.026368241;7.085507194;-4.976779601
893;0.065669279;1.026193408;7.074333786;-4.976911144
894;0.065502667;1.02601868;7.063115732;-4.977044747
895;0.065468666;1.025983216;7.060822907;-4.977072293
896;0.065336038;1.025845034;7.052092904;-4.977174769
897;0.065168986;1.025671725;7.041110515;-4.977304947
898;0.065001149;1.025498533;7.03008522;-4.977437125
899;0.064865866;1.025359689;7.02120025;-4.977544774
900;0.064832619;1.025325716;7.019062677;-4.977570147
901;0.064664349;1.025153955;7.008269685;-4.977698858
902;0.0644953;1.024982322;6.997435499;-4.977829506
903;0.064325463;1.02481082;6.986559101;-4.977962119
904;0.064247562;1.024732585;6.981566474;-4.978023549
905;0.06415527;1.024640129;6.975786073;-4.978093101
906;0.063985024;1.02447008;6.965141164;-4.978222123
907;0.063813998;1.024300172;6.95445578;-4.978353048
908;0.06364218;1.024130407;6.943728931;-4.9784859
909;0.063613268;1.024101997;6.941921044;-4.978508468
910;0.063470447;1.023961789;6.933206014;-4.978614696
911;0.063298246;1.023793498;6.922709791;-4.978743837
912;0.063125262;1.023625361;6.912173861;-4.978874843
913;0.06296246;1.023467988;6.902263455;-4.978999341
914;0.062951516;1.023457464;6.901611046;-4.979007368
915;0.062778154;1.023290811;6.891301996;-4.979134638
916;0.062604019;1.023124323;6.880954958;-4.97926371
917;0.0624291;1.022958002;6.870569026;-4.979394606
918;0.062294756;1.022830968;6.862592827;-4.979496084
919;0.062253535;1.022792157;6.860198125;-4.979525892
920;0.06207826;1.022627339;6.850037726;-4.979652948
921;0.06190221;1.022462698;6.83984016;-4.979781766
922;0.061725376;1.022298238;6.829604552;-4.979912368
923;0.061609718;1.022191272;6.822908345;-4.979998567
924;0.061548006;1.022134407;6.819414269;-4.980042537
925;0.061370836;1.021971467;6.809402723;-4.980169201
926;0.061192893;1.021808717;6.799354867;-4.980297585
927;0.061014167;1.02164616;6.789269856;-4.980427712
928;0.060906804;1.021549059;6.783209371;-4.980506573
929;0.060834967;1.021484308;6.779244964;-4.980556975
930;0.060655925;1.021323288;6.769382394;-4.980683071
931;0.06047611;1.021162471;6.759484403;-4.980810845
932;0.060295513;1.021001859;6.749550177;-4.980940318
933;0.060185477;1.020904553;6.743495185;-4.981019886
934;0.06011444;1.020841953;6.739673755;-4.981068935
935;0.059933547;1.020682894;6.729960191;-4.981194291
936;0.059751883;1.02052405;6.720212119;-4.981321282
937;0.059569437;1.020365423;6.710428759;-4.981449927
938;0.059445189;1.020258012;6.703765022;-4.981538279
939;0.059386448;1.020207429;6.700684297;-4.981578169
940;0.059203726;1.02005037;6.691119665;-4.981702618
941;0.059020233;1.019893537;6.681521465;-4.981828657
942;0.058835962;1.019736934;6.671888944;-4.981956306
943;0.058685366;1.019609686;6.664018109;-4.982061498
944;0.058651028;1.019580809;6.662262259;-4.982084415
945;0.058466498;1.019425787;6.652846399;-4.982207794
946;0.0582812;1.019271004;6.643397927;-4.982332718
947;0.058095126;1.019116464;6.633916121;-4.982459206
948;0.057908265;1.018962167;6.624400246;-4.982587277
949;0.057905392;1.018959809;6.624253675;-4.982589261
950;0.057721918;1.018809207;6.615127417;-4.982709562
951;0.057534837;1.01865651;6.605828441;-4.98283321
952;0.057346983;1.018504067;6.596497133;-4.982958376
953;0.057158346;1.018351881;6.58713279;-4.983085078
954;0.057104782;1.018308921;6.584470654;-4.983121331
955;0.056969733;1.018200791;6.577919531;-4.983208235
956;0.056780891;1.018050216;6.568769549;-4.983330457
957;0.056591278;1.017899906;6.559588249;-4.98345415
958;0.056400886;1.017749865;6.550374955;-4.983579331
959;0.056282992;1.017657507;6.544668008;-4.983657439
960;0.05621005;1.017600575;6.541216925;-4.983703469
961;0.056019466;1.017452157;6.532215394;-4.983824118
962;0.055828117;1.017304015;6.523183561;-4.983946191
963;0.055635992;1.017156152;6.514120783;-4.984069702
964;0.055443084;1.017008572;6.505026401;-4.984194671
965;0.055439244;1.017005652;6.504845066;-4.984197176
966;0.055250739;1.016862328;6.496165974;-4.984313775
967;0.055057675;1.016716386;6.487283052;-4.984434082
968;0.054863841;1.016570734;6.478370236;-4.984555779
969;0.054669228;1.016425376;6.469426899;-4.984678883
970;0.054572973;1.016353919;6.465000717;-4.984740211
971;0.054474352;1.016280927;6.460571157;-4.984799935
972;0.054279594;1.016137217;6.451836283;-4.984918341
973;0.054084071;1.015993809;6.443072565;-4.985038088
974;0.053887774;1.015850705;6.434279404;-4.985159193
975;0.053690694;1.015707909;6.425456192;-4.985281672
976;0.053683508;1.015702735;6.425133928;-4.985286168
977;0.053494185;1.015566436;6.416856553;-4.985398357
978;0.053296994;1.015425301;6.408241126;-4.985516022
979;0.053099036;1.015284481;6.399597332;-4.985634995
980;0.052900301;1.015143979;6.390924592;-4.985755289
981;0.052770156;1.015052542;6.385243676;-4.985834615
982;0.052701112;1.015004231;6.382298251;-4.9858746
983;0.052502273;1.014865399;6.373830036;-4.985990058
984;0.052302672;1.014726892;6.36533452;-4.986106774
985;0.052102302;1.014588714;6.356811152;-4.986224762
986;0.051901153;1.014450868;6.34825937;-4.986344036
987;0.051832287;1.014403973;6.345328733;-4.986385142
988;0.051700018;1.0143141;6.339834807;-4.986459952
989;0.051498795;1.014177935;6.33148644;-4.986574292
990;0.051296809;1.014042108;6.323111304;-4.986689852
991;0.051094051;1.013906624;6.314708865;-4.986806648
992;0.050890513;1.013771484;6.306278581;-4.986924692
993;0.050869047;1.013757324;6.305388155;-4.986937221
994;0.050687461;1.013637617;6.298043442;-4.987037423
995;0.050483879;1.013504169;6.289815326;-4.987150442
996;0.050279533;1.013371072;6.281561005;-4.987264644
997;0.050074415;1.01323833;6.273279964;-4.987380044
998;0.049879669;1.013113118;6.265420787;-4.987490334
999;0.049868558;1.013106019;6.264982175;-4.987496307
1000;0.0496634;1.012974975;6.256899725;-4.987606675
1001;0.049457485;1.012844292;6.24879215;-4.987718177
1002;0.049250805;1.012713972;6.240658963;-4.987830823
1003;0.049043352;1.012584021;6.232499666;-4.987944629
1004;0.048863448;1.012472071;6.225425302;-4.988043957
1005;0.048835238;1.012454618;6.224340584;-4.988058719
1006;0.048627771;1.012326374;6.216378243;-4.988167418
1007;0.048419548;1.012198503;6.208391376;-4.988277212
1008;0.04821056;1.012071008;6.200379514;-4.988388111
1009;0.0480008;1.011943895;6.192342176;-4.98850013
1010;0.047819598;1.011834825;6.185400419;-4.988597505
1011;0.047790386;1.011817345;6.18430615;-4.988612368
1012;0.047580635;1.011691946;6.176463992;-4.988719213
1013;0.047370129;1.011566932;6.168597928;-4.988827112
1014;0.04715886;1.011442307;6.160707506;-4.988936078
1015;0.046946819;1.011318076;6.152792266;-4.989046122
1016;0.046747243;1.011201948;6.145344901;-4.989150336
1017;0.046734053;1.011194323;6.144863535;-4.989156852
1018;0.046522045;1.011071813;6.137141557;-4.989261662
1019;0.046309283;1.010949701;6.129396311;-4.989367486
1020;0.046095759;1.010827989;6.121627364;-4.989474337
1021;0.045881465;1.010706682;6.113834273;-4.989582224
1022;0.045666394;1.010585785;6.106016589;-4.989691158
1023;0.045645537;1.010574144;6.10525739;-4.989701781
1024;0.045451933;1.010466155;6.098386694;-4.989794549
1025;0.045236941;1.010346986;6.090762155;-4.989898124
1026;0.045021188;1.010228229;6.083114586;-4.990002683
1027;0.044804669;1.010109889;6.075443562;-4.990108238
1028;0.044587374;1.00999197;6.067748653;-4.990214797
1029;0.044513675;1.009952263;6.065136405;-4.990251141
1030;0.04437021;1.00987516;6.06017467;-4.990317694
1031;0.044153013;1.009758974;6.052670595;-4.99041885
1032;0.043935058;1.009643213;6.045144172;-4.99052095
1033;0.043716339;1.00952788;6.037594995;-4.990624002
1034;0.043496847;1.009412979;6.030022652;-4.990728017
1035;0.043350732;1.009337051;6.024980529;-4.99079765
1036;0.043276964;1.009298906;6.022493873;-4.990830726
1037;0.043057587;1.009185744;6.015109954;-4.990929302
1038;0.042837456;1.009073018;6.007704378;-4.991028778
1039;0.042616564;1.00896073;6.000276757;-4.991129165
1040;0.042394903;1.008848885;5.992826698;-4.991230471
1041;0.042172465;1.008737489;5.985353798;-4.991332707
1042;0.042155659;1.008729136;5.984788402;-4.991340471
1043;0.041950756;1.008627356;5.978068733;-4.991429149
1044;0.041728476;1.008517701;5.970783634;-4.991525844
1045;0.041505438;1.008408495;5.963477207;-4.991623407
1046;0.041281635;1.008299743;5.956149074;-4.991721846
1047;0.04105706;1.00819145;5.948798853;-4.99182117
1048;0.040927555;1.008129483;5.944558426;-4.991878752
1049;0.040832247;1.008084084;5.941511227;-4.991918476
1050;0.040607841;1.007977537;5.934346048;-4.99201224
1051;0.040382683;1.00787145;5.927160258;-4.992106828
1052;0.040156764;1.007765827;5.919953499;-4.99220225
1053;0.039930077;1.007660672;5.912725405;-4.992298513
1054;0.039702615;1.007555991;5.905475604;-4.992395626
1055;0.039665431;1.007539015;5.904288995;-4.992411581
1056;0.039475726;1.007452521;5.89838651;-4.992487596
1057;0.039248473;1.007349587;5.891320764;-4.992579065
1058;0.039020464;1.007247127;5.884234784;-4.992671324
1059;0.038791693;1.007145145;5.877128223;-4.992764381
1060;0.038562151;1.007043645;5.870000726;-4.992858243
1061;0.038368188;1.006958579;5.863978555;-4.992937969
1062;0.038332009;1.006942822;5.862880824;-4.99295187
1063;0.038102685;1.006843074;5.855934394;-4.993040082
1064;0.037872611;1.00674381;5.848968465;-4.99312904
1065;0.037641781;1.006645033;5.841982705;-4.993218753
1066;0.037410185;1.006546748;5.834976779;-4.993309226
1067;0.037177818;1.00644896;5.827950344;-4.993400469
1068;0.037034839;1.006389298;5.82362535;-4.993456891
1069;0.036945185;1.006352084;5.820977313;-4.993489855
1070;0.03671307;1.006256048;5.814130577;-4.993575382
1071;0.036480204;1.006160508;5.807264756;-4.993661619
1072;0.03624658;1.00606547;5.800379532;-4.993748573
1073;0.03601219;1.005970937;5.793474579;-4.993836252
1074;0.035777028;1.005876914;5.786549568;-4.993924662
1075;0.035664289;1.005832235;5.783227647;-4.993967251
1076;0.035541847;1.005783915;5.779706618;-4.994010212
1077;0.035306969;1.005691644;5.772959792;-4.99409285
1078;0.035071339;1.005599882;5.766194316;-4.994176161
1079;0.034834951;1.005508634;5.759409884;-4.994260152
1080;0.034597797;1.005417905;5.752606184;-4.99434483
1081;0.034359871;1.0053277;5.745782896;-4.994430201
1082;0.034255361;1.005288438;5.742783707;-4.994467876
1083;0.034122018;1.005238546;5.739049799;-4.99451239
1084;0.033884405;1.005150091;5.732403021;-4.99459194
1085;0.033646042;1.005062157;5.725738049;-4.994672126
1086;0.03340692;1.00497475;5.719054586;-4.994752955
1087;0.033167033;1.004887875;5.712352331;-4.994834432
1088;0.032926374;1.004801536;5.70563098;-4.994916563
1089;0.032806879;1.004759073;5.702291704;-4.994957532
1090;0.032685694;1.004716214;5.698986789;-4.994995895
1091;0.032445377;1.004631623;5.692440115;-4.995072165
1092;0.032204309;1.004547566;5.685875715;-4.995149034
1093;0.031962484;1.004464049;5.679293307;-4.995226508
1094;0.031719895;1.004381075;5.6726926;-4.995304591
1095;0.031476535;1.004298651;5.666073301;-4.995383289
1096;0.031317624;1.004245361;5.661749761;-4.995434912
1097;0.031232889;1.004217131;5.659498838;-4.995460254
1098;0.030989896;1.004136452;5.653052238;-4.99553306
1099;0.030746154;1.00405632;5.646588397;-4.995606426
1100;0.030501657;1.003976738;5.640107041;-4.995680358
1101;0.030256397;1.003897712;5.633607893;-4.99575486
1102;0.030010368;1.003819247;5.627090672;-4.995829939
1103;0.02978629;1.003748521;5.621155981;-4.99589863
1104;0.029763676;1.003741452;5.620570759;-4.995904992
1105;0.029518038;1.003664731;5.614224136;-4.995974154
1106;0.029271652;1.003588567;5.607860766;-4.996043838
1107;0.029024513;1.003512965;5.601480386;-4.996114049
1108;0.028776614;1.00343793;5.595082732;-4.996184792
1109;0.028527948;1.003363467;5.588667534;-4.996256072
1110;0.028278509;1.003289582;5.582234519;-4.996327893
1111;0.028211641;1.003269993;5.580508346;-4.996347227
1112;0.028029584;1.003216817;5.57592564;-4.996395201
1113;0.027780584;1.003144666;5.569662514;-4.996461032
1114;0.027530834;1.003073087;5.563382892;-4.996527351
1115;0.027280326;1.003002086;5.557086522;-4.996594163
1116;0.027029054;1.002931668;5.550773145;-4.996661472
1117;0.026777012;1.002861839;5.544442499;-4.996729283
1118;0.026592398;1.002811281;5.539804786;-4.996779164
1119;0.026524581;1.002792868;5.538141212;-4.996795803
1120;0.026272995;1.00272477;5.531978028;-4.996857616
1121;0.026020663;1.002657256;5.525798868;-4.996919879
1122;0.025767576;1.00259033;5.519603491;-4.996982595
1123;0.02551373;1.002523997;5.51339165;-4.997045769
1124;0.025259116;1.002458263;5.507163096;-4.997109405
1125;0.025003729;1.002393132;5.500917575;-4.997173507
1126;0.024927153;1.002373845;5.499043244;-4.997192804
1127;0.024748828;1.002329099;5.494786892;-4.997233294
1128;0.024493942;1.002265689;5.4887078;-4.997291343
1129;0.024238307;1.002202877;5.482613025;-4.997349807
1130;0.023981915;1.002140669;5.476502333;-4.997408689
1131;0.023724761;1.002079068;5.470375486;-4.997467993
1132;0.023466838;1.002018081;5.464232241;-4.997527723
1133;0.023214418;1.001959179;5.458221622;-4.997586422
1134;0.023208171;1.00195774;5.458076269;-4.997587725
1135;0.022950761;1.001898473;5.452096783;-4.99764141
1136;0.022692607;1.001839813;5.44610215;-4.997695472
1137;0.022433701;1.001781765;5.440092149;-4.997749912
1138;0.022174037;1.001724335;5.434066551;-4.997804735
1139;0.021913609;1.001667528;5.428025129;-4.997859945
1140;0.02165241;1.001611348;5.421967647;-4.997915543
1141;0.021452788;1.001569023;5.417337713;-4.997958203
1142;0.021390793;1.001556024;5.415933708;-4.997969967
1143;0.021130147;1.001501553;5.41003861;-4.998019484
1144;0.020868754;1.001447704;5.40412869;-4.998069342
1145;0.020606608;1.00139448;5.398203733;-4.998119543
1146;0.020343704;1.001341889;5.39226352;-4.998170091
1147;0.020080035;1.001289933;5.386307829;-4.998220987
1148;0.019815593;1.00123862;5.380336436;-4.998272237
1149;0.019640842;1.001205237;5.376389253;-4.998306234
1150;0.019550928;1.00118824;5.374406849;-4.998321593
1151;0.019287075;1.001138624;5.368596324;-4.998366734
1152;0.019022476;1.001089643;5.362771317;-4.998412179
1153;0.018757123;1.001041301;5.356931621;-4.998457932
1154;0.018491012;1.000993604;5.351077025;-4.998503994
1155;0.018224135;1.000946557;5.345207317;-4.998550369
1156;0.017956486;1.000900166;5.339322278;-4.998597059
1157;0.017776968;1.000869583;5.335374004;-4.998628493
1158;0.017688605;1.000854705;5.333477048;-4.998641896
1159;0.017421578;1.00081;5.327751215;-4.998682459
1160;0.017153804;1.000765942;5.322011254;-4.99872329
1161;0.016885278;1.000722536;5.316256967;-4.998764393
1162;0.016615993;1.000679788;5.31048815;-4.998805768
1163;0.016345943;1.000637703;5.304704599;-4.998847419
1164;0.016075122;1.000596287;5.298906106;-4.998889348
1165;0.015859523;1.000563946;5.294289671;-4.998922852
1166;0.01580385;1.000555724;5.293125701;-4.99893022
1167;0.015533681;1.000515982;5.28748461;-4.998966012
1168;0.015262766;1.0004769;5.281829757;-4.999002037
1169;0.014991099;1.000438483;5.276160952;-4.999038296
1170;0.014718675;1.000400735;5.270478;-4.999074791
1171;0.014445487;1.000363663;5.264780705;-4.999111526
1172;0.014171528;1.000327272;5.259068868;-4.9991485
1173;0.013896793;1.000291568;5.253342285;-4.999185717
1174;0.013886809;1.000290299;5.253133914;-4.999187074
1175;0.013623408;1.000256854;5.247778134;-4.999216799
1176;0.013349385;1.000222798;5.242208377;-4.999247831
1177;0.013074611;1.000189418;5.236625052;-4.999279062
1178;0.012799082;1.000156721;5.231027974;-4.999310493
1179;0.012522791;1.00012471;5.225416955;-4.999342125
1180;0.012245731;1.000093392;5.219791802;-4.99937396
1181;0.011967897;1.000062772;5.214152322;-4.999406
1182;0.011857223;1.000050888;5.211904322;-4.999418807
1183;0.011690467;1.000033172;5.20860102;-4.999434336
1184;0.011413367;1.000004192;5.203116222;-4.9994602
1185;0.011135519;0.999975899;5.19761825;-4.999486226
1186;0.010856918;0.999948299;5.192106925;-4.999512416
1187;0.010577557;0.999921398;5.186582067;-4.99953877
1188;0.01029743;0.9998952;5.181043493;-4.99956529
1189;0.010016531;0.999869711;5.175491019;-4.999591977
1190;0.009769007;0.999847941;5.17059848;-4.999615576
1191;0.009735052;0.999845039;5.169943091;-4.999618062
1192;0.009454908;0.999821181;5.164543071;-4.99963859
1193;0.009174019;0.999798021;5.159130276;-4.999659243
1194;0.008892379;0.999775564;5.153704536;-4.999680023
1195;0.008609983;0.999753816;5.148265679;-4.999700932
1196;0.008326823;0.999732782;5.142813529;-4.999721969
1197;0.008042896;0.999712469;5.13734791;-4.999743137
1198;0.007758193;0.99969288;5.131868642;-4.999764436
1199;0.007620331;0.999683774;5.129213956;-4.999774784
1200;0.007473728;0.999674286;5.126460315;-4.999782578
1201;0.007189829;0.999656304;5.121132404;-4.999797699
1202;0.006905183;0.999639036;5.115791961;-4.999812911
1203;0.006619783;0.999622485;5.110438819;-4.999828215
1204;0.006333625;0.999606659;5.105072812;-4.999843613
1205;0.006046701;0.999591563;5.099693772;-4.999859103
1206;0.005759007;0.999577202;5.094301527;-4.999874688
1207;0.005470536;0.999563582;5.088895904;-4.999890367
1208;0.005409351;0.999560859;5.087748284;-4.999893704
1209;0.005183033;0.999550918;5.083610756;-4.999901154
1210;0.004895411;0.99953888;5.078355256;-4.999910648
1211;0.004607041;0.999527569;5.073087481;-4.999920198
1212;0.004317916;0.999516992;5.06780727;-4.999929805
1213;0.004028031;0.999507153;5.062514464;-4.999939469
1214;0.003737379;0.99949806;5.0572089;-4.999949191
1215;0.003445955;0.999489716;5.051890413;-4.999958971
1216;0.003153753;0.999482129;5.046558835;-4.999968809
1217;0.003134054;0.99948167;5.046198994;-4.999969474
1218;0.002862979;0.999475404;5.041374104;-4.999972865
1219;0.002571669;0.999469374;5.036190856;-4.999976519
1220;0.00227961;0.999464086;5.030995599;-4.999980195
1221;0.001986795;0.999459545;5.025788181;-4.999983893
1222;0.001693218;0.999455757;5.020568446;-4.999987612
1223;0.001398875;0.999452728;5.015336239;-4.999991353
1224;0.001103758;0.999450464;5.010091399;-4.999995116
1225;0.000807863;0.99944897;5.004833766;-4.999998901
1226;0.000792704;0.999448933;5.004564097;-4.999999096
1227;0.000512451;0.999448294;5.002950706;-4.999999415
1228;0.000216869;0.999447858;5.001248897;-4.999999752
1229;0;0.999447722;5;-5
